{"cameraMode":{"drawMode":0,"name":"Shaded","section":"Shading Mode"},"sceneLighting":true,"audioPlay":false,"sceneViewState":{"showFog":true,"showMaterialUpdate":false,"showSkybox":true,"showFlares":true,"showImageEffects":true,"showParticleSystems":true},"in2DMode":false,"pivot":{"x":-14.399999618530274,"y":78.52100372314453,"z":-13.15999984741211},"rotation":{"x":0.21220663189888,"y":0.5594238638877869,"z":-0.15085607767105103,"w":0.7869300842285156},"size":3.6160953044891359,"orthographic":true}